-- ============================================================
-- テストデータ (Seed)
-- 基準日: 2026-04-30
-- ダッシュボード・各画面が埋まるよう設計
-- UUID体系:
--   accounts:      00000000-0000-0000-0000-0000000000XX (XX=01-06)
--   contacts:      00000000-0000-0000-0001-0000000000XX (XX=01-10)
--   opportunities: 00000000-0000-0000-0002-0000000000XX (XX=01-08)
--   activities:    00000000-0000-0000-0003-0000000000XX (XX=01-12)
--   tasks:         00000000-0000-0000-0004-0000000000XX (XX=01-10)
--   expenses:      00000000-0000-0000-0005-0000000000XX (XX=01-14)
-- ============================================================

-- ============================
-- ACCOUNTS (取引先) × 6社
-- ============================
insert into public.accounts
  (id, name, industry, phone, website, address, status, type, annual_revenue, employee_count, description, created_at, updated_at)
values
  (
    '00000000-0000-0000-0000-000000000001',
    '株式会社テックソリューションズ',
    'IT・ソフトウェア',
    '03-1234-5678',
    'https://techsolutions.example.com',
    '東京都渋谷区道玄坂1-2-3',
    'active', '顧客', 850000000, 320,
    'ERPとクラウドソリューションを中心に展開するIT企業。導入支援から保守まで一貫したサービスを提供。',
    '2026-01-10 09:00:00+09', '2026-04-28 11:20:00+09'
  ),
  (
    '00000000-0000-0000-0000-000000000002',
    '三葉商事株式会社',
    '卸売・小売',
    '06-2345-6789',
    'https://mitsuba-shoji.example.com',
    '大阪府大阪市北区梅田2-4-5',
    'active', '顧客', 2400000000, 780,
    '関西を拠点とする総合商社。食品・日用品の卸売を主力とし、EC事業にも積極展開中。',
    '2026-01-22 10:00:00+09', '2026-04-27 16:45:00+09'
  ),
  (
    '00000000-0000-0000-0000-000000000003',
    '東京マーケティング株式会社',
    'マーケティング・広告',
    '03-3456-7890',
    'https://tokyo-mkt.example.com',
    '東京都港区赤坂3-5-6',
    'active', '見込み客', 380000000, 95,
    'デジタルマーケティング専門エージェンシー。SNS運用・SEO・広告運用を一括支援。',
    '2026-02-05 09:30:00+09', '2026-04-26 09:10:00+09'
  ),
  (
    '00000000-0000-0000-0000-000000000004',
    'フューチャーファイナンス株式会社',
    '金融・保険',
    '03-4567-8901',
    'https://future-finance.example.com',
    '東京都千代田区丸の内1-7-8',
    'active', '顧客', 5200000000, 1200,
    '中堅〜大手企業向けに資産運用・融資サービスを提供する独立系金融機関。',
    '2026-01-15 14:00:00+09', '2026-04-29 10:30:00+09'
  ),
  (
    '00000000-0000-0000-0000-000000000005',
    'グリーンエナジー株式会社',
    'エネルギー・環境',
    '052-5678-9012',
    'https://green-energy.example.com',
    '愛知県名古屋市中区栄4-1-2',
    'active', '見込み客', 1100000000, 430,
    '太陽光・風力発電を中心とした再生可能エネルギー事業者。2030年カーボンニュートラル達成を目標に積極投資中。',
    '2026-02-20 11:00:00+09', '2026-04-24 14:00:00+09'
  ),
  (
    '00000000-0000-0000-0000-000000000006',
    'アルファコンサルティング株式会社',
    'コンサルティング',
    '03-6789-0123',
    'https://alpha-consulting.example.com',
    '東京都新宿区西新宿6-10-1',
    'active', 'パートナー', 620000000, 180,
    '経営戦略・業務改革を専門とするコンサルファーム。リセール・紹介案件で連携中。',
    '2026-03-01 09:00:00+09', '2026-04-22 13:30:00+09'
  )
on conflict (id) do nothing;


-- ============================
-- CONTACTS (担当者) × 10名
-- ============================
insert into public.contacts
  (id, account_id, full_name, email, phone, title, department, birthday, description, created_at, updated_at)
values
  (
    '00000000-0000-0000-0001-000000000001',
    '00000000-0000-0000-0000-000000000001',
    '田中 誠一',
    'tanaka.seiichi@techsolutions.example.com',
    '090-1111-2222',
    '部長', '情報システム部', '1975-08-15',
    'IT投資の意思決定者。新しいシステム導入に積極的でレスポンスが早い。',
    '2026-01-10 10:00:00+09', '2026-04-20 10:00:00+09'
  ),
  (
    '00000000-0000-0000-0001-000000000002',
    '00000000-0000-0000-0000-000000000001',
    '鈴木 彩香',
    'suzuki.ayaka@techsolutions.example.com',
    '090-2222-3333',
    '課長', '情報システム部', '1988-03-22',
    '田中部長の右腕。実務的な要件定義を担当。PoC判断に関与。',
    '2026-01-10 10:30:00+09', '2026-04-15 09:00:00+09'
  ),
  (
    '00000000-0000-0000-0001-000000000003',
    '00000000-0000-0000-0000-000000000002',
    '山田 浩二',
    'yamada.koji@mitsuba-shoji.example.com',
    '090-3333-4444',
    '執行役員', 'DX推進室', '1970-11-05',
    'EC・DX領域の推進責任者。決裁権あり。スピード重視の意思決定スタイル。',
    '2026-01-22 11:00:00+09', '2026-04-25 11:00:00+09'
  ),
  (
    '00000000-0000-0000-0001-000000000004',
    '00000000-0000-0000-0000-000000000002',
    '中村 美穂',
    'nakamura.miho@mitsuba-shoji.example.com',
    '090-4444-5555',
    '主任', 'DX推進室', '1992-06-18',
    '山田執行役員のアシスタント兼実務担当。調整力が高く信頼できる窓口。',
    '2026-01-22 11:30:00+09', '2026-04-20 13:00:00+09'
  ),
  (
    '00000000-0000-0000-0001-000000000005',
    '00000000-0000-0000-0000-000000000003',
    '伊藤 健太',
    'ito.kenta@tokyo-mkt.example.com',
    '090-5555-6666',
    '代表取締役', '経営企画', '1982-02-28',
    'オーナー社長。スタートアップ気質でスピード感を重視。週1で状況確認希望。',
    '2026-02-05 10:00:00+09', '2026-04-26 09:00:00+09'
  ),
  (
    '00000000-0000-0000-0001-000000000006',
    '00000000-0000-0000-0000-000000000004',
    '渡辺 隆',
    'watanabe.takashi@future-finance.example.com',
    '090-6666-7777',
    '副社長', '経営企画室', '1968-09-30',
    '大型投資案件の最終承認者。稟議は時間がかかるが一度決まると推進力が強い。',
    '2026-01-15 14:30:00+09', '2026-04-29 09:00:00+09'
  ),
  (
    '00000000-0000-0000-0001-000000000007',
    '00000000-0000-0000-0000-000000000004',
    '松本 沙織',
    'matsumoto.saori@future-finance.example.com',
    '090-7777-8888',
    '課長', 'システム企画部', '1985-12-10',
    '渡辺副社長との橋渡し役。技術的な評価は彼女が担当。',
    '2026-01-15 15:00:00+09', '2026-04-18 15:00:00+09'
  ),
  (
    '00000000-0000-0000-0001-000000000008',
    '00000000-0000-0000-0000-000000000005',
    '小林 大輔',
    'kobayashi.daisuke@green-energy.example.com',
    '090-8888-9999',
    '部長', '経営企画部', '1978-04-12',
    '新規事業・ベンダー選定の責任者。環境テクノロジーに強い関心を持つ。',
    '2026-02-20 11:30:00+09', '2026-04-24 10:00:00+09'
  ),
  (
    '00000000-0000-0000-0001-000000000009',
    '00000000-0000-0000-0000-000000000006',
    '加藤 理恵',
    'kato.rie@alpha-consulting.example.com',
    '090-9999-0000',
    'シニアマネージャー', 'テクノロジー戦略グループ', '1987-07-25',
    'リセールパートナーの担当者。案件紹介の条件設計に詳しい。',
    '2026-03-01 09:30:00+09', '2026-04-22 14:00:00+09'
  ),
  (
    '00000000-0000-0000-0001-000000000010',
    '00000000-0000-0000-0000-000000000005',
    '高橋 博',
    'takahashi.hiroshi@green-energy.example.com',
    '090-0000-1111',
    '課長', 'IT企画課', '1983-01-08',
    '小林部長の部下でシステム選定の実務担当。要件定義書を作成中。',
    '2026-02-20 12:00:00+09', '2026-04-23 10:00:00+09'
  )
on conflict (id) do nothing;


-- ============================
-- OPPORTUNITIES (商談) × 8件
-- ============================
insert into public.opportunities
  (id, account_id, name, stage, amount, probability, close_date, description, created_at, updated_at)
values
  -- 今月クローズ予定（ダッシュボード対象）
  (
    '00000000-0000-0000-0002-000000000001',
    '00000000-0000-0000-0000-000000000001',
    'テックソリューションズ 基幹システム刷新',
    'negotiation',
    12000000, 80, '2026-04-30',
    'ERP+CRM統合導入案件。4月中に基本契約の締結を目指す。競合はSalesforce。',
    '2026-02-01 10:00:00+09', '2026-04-28 16:00:00+09'
  ),
  (
    '00000000-0000-0000-0002-000000000002',
    '00000000-0000-0000-0000-000000000002',
    '三葉商事 EC基盤構築プロジェクト',
    'proposal',
    8500000, 60, '2026-04-28',
    'BtoB向けECプラットフォームの新規構築。要件定義書を4/20に提出済み。価格交渉中。',
    '2026-02-15 11:00:00+09', '2026-04-26 14:30:00+09'
  ),
  (
    '00000000-0000-0000-0002-000000000003',
    '00000000-0000-0000-0000-000000000004',
    'フューチャーファイナンス 顧客分析基盤導入',
    'closed_won',
    22000000, 100, '2026-04-15',
    'データウェアハウス+BIツール導入。4/15に正式契約完了。受注！',
    '2026-01-20 14:00:00+09', '2026-04-15 17:00:00+09'
  ),
  (
    '00000000-0000-0000-0002-000000000004',
    '00000000-0000-0000-0000-000000000003',
    '東京マーケティング MAツール導入',
    'qualification',
    3200000, 40, '2026-04-25',
    'マーケティングオートメーション導入のPoC提案中。予算確認中で、社長決裁が必要。',
    '2026-03-01 09:00:00+09', '2026-04-22 11:00:00+09'
  ),
  -- 来月以降クローズ予定
  (
    '00000000-0000-0000-0002-000000000005',
    '00000000-0000-0000-0000-000000000005',
    'グリーンエナジー 設備管理システム更改',
    'proposal',
    18000000, 55, '2026-05-31',
    '発電所設備の点検・保全管理システム。IoTセンサー連携が要件。5月末目標で提案書作成中。',
    '2026-03-10 10:00:00+09', '2026-04-24 10:00:00+09'
  ),
  (
    '00000000-0000-0000-0002-000000000006',
    '00000000-0000-0000-0000-000000000006',
    'アルファコンサルティング パートナー契約',
    'negotiation',
    5000000, 70, '2026-05-15',
    'リセール・紹介料契約。年間500万円の取り決めで最終調整中。',
    '2026-03-20 14:00:00+09', '2026-04-22 14:00:00+09'
  ),
  (
    '00000000-0000-0000-0002-000000000007',
    '00000000-0000-0000-0000-000000000001',
    'テックソリューションズ セキュリティ診断サービス',
    'prospecting',
    1500000, 20, '2026-06-30',
    '既存顧客への追加提案。セキュリティ監査の年次契約化を狙う。',
    '2026-04-01 09:00:00+09', '2026-04-24 09:00:00+09'
  ),
  (
    '00000000-0000-0000-0002-000000000008',
    '00000000-0000-0000-0000-000000000002',
    '三葉商事 倉庫管理システム',
    'closed_lost',
    6000000, 0, '2026-04-10',
    '競合他社（SAP系SI）に敗北。価格と既存環境との親和性が決め手だった模様。次回に活かす。',
    '2026-02-01 09:00:00+09', '2026-04-10 18:00:00+09'
  )
on conflict (id) do nothing;


-- ============================
-- ACTIVITIES (活動履歴) × 12件
-- ============================
insert into public.activities
  (id, account_id, contact_id, opportunity_id, type, subject, body, occurred_at, created_at)
values
  (
    '00000000-0000-0000-0003-000000000001',
    '00000000-0000-0000-0000-000000000001',
    '00000000-0000-0000-0001-000000000001',
    '00000000-0000-0000-0002-000000000001',
    'meeting', '最終価格交渉ミーティング',
    '田中部長と価格条件について最終調整を実施。値引き幅を5%以内で合意の方向。4/30中に覚書を送付予定。鈴木課長もZoom参加。',
    '2026-04-28 14:00:00+09', '2026-04-28 16:00:00+09'
  ),
  (
    '00000000-0000-0000-0003-000000000002',
    '00000000-0000-0000-0000-000000000002',
    '00000000-0000-0000-0001-000000000003',
    '00000000-0000-0000-0002-000000000002',
    'email', '提案書送付 – EC基盤構築案件',
    '要件定義書をもとに作成した提案書（ver.2）を山田様宛に送付。見積金額：¥8,500,000。回答期限は4/28。',
    '2026-04-20 10:30:00+09', '2026-04-20 10:30:00+09'
  ),
  (
    '00000000-0000-0000-0003-000000000003',
    '00000000-0000-0000-0000-000000000004',
    '00000000-0000-0000-0001-000000000006',
    '00000000-0000-0000-0002-000000000003',
    'meeting', '契約締結オンライン署名完了',
    '渡辺副社長立ち会いのもと、クラウドサインにて正式契約を締結。キックオフは5月第2週を予定。',
    '2026-04-15 15:00:00+09', '2026-04-15 17:00:00+09'
  ),
  (
    '00000000-0000-0000-0003-000000000004',
    '00000000-0000-0000-0000-000000000003',
    '00000000-0000-0000-0001-000000000005',
    '00000000-0000-0000-0002-000000000004',
    'call', '予算確認の電話フォロー',
    '伊藤社長に電話。予算は「前向きに検討中」とのこと。来週水曜に役員会があるため、その後で正式回答をもらえる予定。',
    '2026-04-22 11:00:00+09', '2026-04-22 11:20:00+09'
  ),
  (
    '00000000-0000-0000-0003-000000000005',
    '00000000-0000-0000-0000-000000000005',
    '00000000-0000-0000-0001-000000000008',
    '00000000-0000-0000-0002-000000000005',
    'meeting', '要件ヒアリング第2回',
    '小林部長・高橋課長と現地ミーティング。IoTセンサーのデータ形式（Modbus/MQTT）と管理システムの連携仕様を確認。次回は5/10にデモ環境を提示予定。',
    '2026-04-24 13:00:00+09', '2026-04-24 16:00:00+09'
  ),
  (
    '00000000-0000-0000-0003-000000000006',
    '00000000-0000-0000-0000-000000000006',
    '00000000-0000-0000-0001-000000000009',
    '00000000-0000-0000-0002-000000000006',
    'email', 'パートナー契約書ドラフト送付',
    '加藤様に契約書ドラフト（v3）を送付。主な変更点：紹介料率を15→18%に修正、支払サイクルを月次に変更。GW明けに返答予定とのこと。',
    '2026-04-26 17:00:00+09', '2026-04-26 17:00:00+09'
  ),
  (
    '00000000-0000-0000-0003-000000000007',
    '00000000-0000-0000-0000-000000000001',
    '00000000-0000-0000-0001-000000000002',
    '00000000-0000-0000-0002-000000000001',
    'note', '競合情報メモ',
    '鈴木課長から非公式にSalesforce側の見積もりが¥18Mだったと聞いた。こちらの提案価格¥12Mは競争力あり。ただし保守サポートの充実度を追加でアピールすること。',
    '2026-04-27 10:00:00+09', '2026-04-27 10:00:00+09'
  ),
  (
    '00000000-0000-0000-0003-000000000008',
    '00000000-0000-0000-0000-000000000002',
    '00000000-0000-0000-0001-000000000004',
    '00000000-0000-0000-0002-000000000008',
    'note', '失注振り返りメモ',
    '中村主任から敗因ヒアリング完了。①SAP連携の実績不足②保守拠点が関東のみ③初期費用の高さ、が主な理由。次回は大阪拠点との協力体制を提案に盛り込む。',
    '2026-04-12 15:00:00+09', '2026-04-12 15:00:00+09'
  ),
  (
    '00000000-0000-0000-0003-000000000009',
    '00000000-0000-0000-0000-000000000004',
    '00000000-0000-0000-0001-000000000007',
    '00000000-0000-0000-0002-000000000003',
    'call', 'キックオフ日程調整の電話',
    '松本課長と5月のキックオフ日程を相談。5/13（水）14時で暫定確保。議事録・プロジェクト計画書は5/10までに送付する。',
    '2026-04-17 10:30:00+09', '2026-04-17 10:30:00+09'
  ),
  (
    '00000000-0000-0000-0003-000000000010',
    '00000000-0000-0000-0000-000000000001',
    '00000000-0000-0000-0001-000000000001',
    null,
    'meeting', '定例ミーティング（月次レビュー）',
    '4月の月次レビュー。前月比でシステム稼働率99.8%。田中部長より追加ライセンス検討の話が出た（10席→20席）。次のアップセル機会として記録。',
    '2026-04-20 15:00:00+09', '2026-04-20 15:30:00+09'
  ),
  (
    '00000000-0000-0000-0003-000000000011',
    '00000000-0000-0000-0000-000000000005',
    '00000000-0000-0000-0001-000000000010',
    '00000000-0000-0000-0002-000000000005',
    'email', '提案書作成に向けた追加質問',
    '高橋課長宛に提案書作成のための追加質問リストを送付（全8項目）。現行システムのデータ移行範囲と稼働環境（オンプレ/クラウド）を確認中。',
    '2026-04-25 09:30:00+09', '2026-04-25 09:30:00+09'
  ),
  (
    '00000000-0000-0000-0003-000000000012',
    '00000000-0000-0000-0000-000000000006',
    '00000000-0000-0000-0001-000000000009',
    null,
    'meeting', '協業事例の共有セッション',
    '加藤様と先行事例（製造業2社への共同提案実績）を共有。アルファ社のネットワークを活用した共同営業の可能性を議論。次回は具体的な案件を持ち寄る。',
    '2026-04-21 14:00:00+09', '2026-04-21 15:00:00+09'
  )
on conflict (id) do nothing;


-- ============================
-- TASKS (ToDo) × 10件
-- ============================
insert into public.tasks
  (id, title, due_date, done, priority, account_id, contact_id, opportunity_id, created_at, updated_at)
values
  -- 今日 (4/30) 期限・高優先度
  (
    '00000000-0000-0000-0004-000000000001',
    'テックソリューションズ 覚書ドラフト送付',
    '2026-04-30', false, 'high',
    '00000000-0000-0000-0000-000000000001',
    '00000000-0000-0000-0001-000000000001',
    '00000000-0000-0000-0002-000000000001',
    '2026-04-28 16:00:00+09', '2026-04-28 16:00:00+09'
  ),
  -- 明日 (5/1) 期限
  (
    '00000000-0000-0000-0004-000000000002',
    '三葉商事 価格交渉の回答フォロー電話',
    '2026-05-01', false, 'high',
    '00000000-0000-0000-0000-000000000002',
    '00000000-0000-0000-0001-000000000003',
    '00000000-0000-0000-0002-000000000002',
    '2026-04-26 10:00:00+09', '2026-04-26 10:00:00+09'
  ),
  -- 5/2 期限
  (
    '00000000-0000-0000-0004-000000000003',
    '東京マーケティング 役員会後の返答確認',
    '2026-05-02', false, 'medium',
    '00000000-0000-0000-0000-000000000003',
    '00000000-0000-0000-0001-000000000005',
    '00000000-0000-0000-0002-000000000004',
    '2026-04-22 11:30:00+09', '2026-04-22 11:30:00+09'
  ),
  -- 5/5 期限
  (
    '00000000-0000-0000-0004-000000000004',
    'フューチャーファイナンス キックオフ議事録送付',
    '2026-05-05', false, 'medium',
    '00000000-0000-0000-0000-000000000004',
    '00000000-0000-0000-0001-000000000007',
    '00000000-0000-0000-0002-000000000003',
    '2026-04-15 18:00:00+09', '2026-04-15 18:00:00+09'
  ),
  -- 5/7 期限（今週ギリギリ）
  (
    '00000000-0000-0000-0004-000000000005',
    'グリーンエナジー デモ環境の準備と動作確認',
    '2026-05-07', false, 'medium',
    '00000000-0000-0000-0000-000000000005',
    '00000000-0000-0000-0001-000000000008',
    '00000000-0000-0000-0002-000000000005',
    '2026-04-24 16:00:00+09', '2026-04-24 16:00:00+09'
  ),
  -- 期限超過 (4/28) ・高優先度
  (
    '00000000-0000-0000-0004-000000000006',
    '三葉商事 EC案件 競合比較資料の作成',
    '2026-04-28', false, 'high',
    '00000000-0000-0000-0000-000000000002',
    '00000000-0000-0000-0001-000000000004',
    '00000000-0000-0000-0002-000000000002',
    '2026-04-21 09:00:00+09', '2026-04-21 09:00:00+09'
  ),
  -- 来週以降
  (
    '00000000-0000-0000-0004-000000000007',
    'アルファコンサルティング パートナー契約書 法務レビュー依頼',
    '2026-05-10', false, 'low',
    '00000000-0000-0000-0000-000000000006',
    '00000000-0000-0000-0001-000000000009',
    '00000000-0000-0000-0002-000000000006',
    '2026-04-26 17:30:00+09', '2026-04-26 17:30:00+09'
  ),
  (
    '00000000-0000-0000-0004-000000000008',
    'グリーンエナジー 提案書 ver.1 作成',
    '2026-05-20', false, 'medium',
    '00000000-0000-0000-0000-000000000005',
    null,
    '00000000-0000-0000-0002-000000000005',
    '2026-04-25 09:30:00+09', '2026-04-25 09:30:00+09'
  ),
  -- 完了済み
  (
    '00000000-0000-0000-0004-000000000009',
    'フューチャーファイナンス 最終契約書の送付',
    '2026-04-14', true, 'high',
    '00000000-0000-0000-0000-000000000004',
    '00000000-0000-0000-0001-000000000006',
    '00000000-0000-0000-0002-000000000003',
    '2026-04-10 09:00:00+09', '2026-04-14 17:00:00+09'
  ),
  (
    '00000000-0000-0000-0004-000000000010',
    'テックソリューションズ 提案資料 改訂版送付',
    '2026-04-20', true, 'medium',
    '00000000-0000-0000-0000-000000000001',
    '00000000-0000-0000-0001-000000000002',
    '00000000-0000-0000-0002-000000000001',
    '2026-04-15 10:00:00+09', '2026-04-20 12:00:00+09'
  )
on conflict (id) do nothing;


-- ============================
-- EXPENSES (経費) × 14件
-- ============================
insert into public.expenses
  (id, title, amount, category, expense_date, account_id, contact_id, opportunity_id, notes, created_at, updated_at)
values
  -- テックソリューションズ案件関連
  (
    '00000000-0000-0000-0005-000000000001',
    '渋谷オフィス往復交通費（田中部長面談）',
    1240, '交通費', '2026-04-28',
    '00000000-0000-0000-0000-000000000001',
    '00000000-0000-0000-0001-000000000001',
    '00000000-0000-0000-0002-000000000001',
    '電車往復。渋谷駅まで。領収書あり。',
    '2026-04-28 17:00:00+09', '2026-04-28 17:00:00+09'
  ),
  (
    '00000000-0000-0000-0005-000000000002',
    '最終交渉ランチ接待（田中部長・鈴木課長）',
    18600, '接待費', '2026-04-28',
    '00000000-0000-0000-0000-000000000001',
    '00000000-0000-0000-0001-000000000001',
    '00000000-0000-0000-0002-000000000001',
    '3名分。渋谷の和食店にて。レシート取得済み。',
    '2026-04-28 17:30:00+09', '2026-04-28 17:30:00+09'
  ),
  (
    '00000000-0000-0000-0005-000000000003',
    '提案資料印刷・製本費',
    4800, '消耗品費', '2026-04-19',
    '00000000-0000-0000-0000-000000000001',
    null,
    '00000000-0000-0000-0002-000000000001',
    'A4フルカラー 30ページ × 3部。キンコーズ渋谷店。',
    '2026-04-19 12:00:00+09', '2026-04-19 12:00:00+09'
  ),
  -- 三葉商事案件関連（大阪出張）
  (
    '00000000-0000-0000-0005-000000000004',
    '大阪出張 新幹線往復',
    28600, '交通費', '2026-04-20',
    '00000000-0000-0000-0000-000000000002',
    '00000000-0000-0000-0001-000000000003',
    '00000000-0000-0000-0002-000000000002',
    '東京⇔新大阪 自由席往復。EX予約。',
    '2026-04-20 18:00:00+09', '2026-04-20 18:00:00+09'
  ),
  (
    '00000000-0000-0000-0005-000000000005',
    '大阪出張 ホテル宿泊費',
    9800, '交通費', '2026-04-20',
    '00000000-0000-0000-0000-000000000002',
    null,
    '00000000-0000-0000-0002-000000000002',
    '梅田ビジネスホテル 1泊。朝食付き。',
    '2026-04-21 09:00:00+09', '2026-04-21 09:00:00+09'
  ),
  (
    '00000000-0000-0000-0005-000000000006',
    '山田執行役員 接待ディナー',
    42000, '接待費', '2026-04-21',
    '00000000-0000-0000-0000-000000000002',
    '00000000-0000-0000-0001-000000000003',
    '00000000-0000-0000-0002-000000000002',
    '大阪・北新地の割烹。4名分（先方2名・自社2名）。',
    '2026-04-21 22:00:00+09', '2026-04-21 22:00:00+09'
  ),
  -- フューチャーファイナンス（受注済み）案件関連
  (
    '00000000-0000-0000-0005-000000000007',
    '提案書作成 外部デザイン委託費',
    55000, '外注費', '2026-04-05',
    '00000000-0000-0000-0000-000000000004',
    null,
    '00000000-0000-0000-0002-000000000003',
    'フリーランスデザイナーへの提案書デザイン委託。請求書受領済み。',
    '2026-04-05 10:00:00+09', '2026-04-05 10:00:00+09'
  ),
  (
    '00000000-0000-0000-0005-000000000008',
    '丸の内 往復交通費（契約締結）',
    940, '交通費', '2026-04-15',
    '00000000-0000-0000-0000-000000000004',
    '00000000-0000-0000-0001-000000000006',
    '00000000-0000-0000-0002-000000000003',
    '地下鉄往復。',
    '2026-04-15 18:00:00+09', '2026-04-15 18:00:00+09'
  ),
  -- グリーンエナジー案件関連（名古屋出張）
  (
    '00000000-0000-0000-0005-000000000009',
    '名古屋出張 新幹線往復',
    26200, '交通費', '2026-04-24',
    '00000000-0000-0000-0000-000000000005',
    '00000000-0000-0000-0001-000000000008',
    '00000000-0000-0000-0002-000000000005',
    '東京⇔名古屋 指定席往復。',
    '2026-04-24 20:00:00+09', '2026-04-24 20:00:00+09'
  ),
  (
    '00000000-0000-0000-0005-000000000010',
    '名古屋出張 現地昼食・タクシー代',
    3800, '交通費', '2026-04-24',
    '00000000-0000-0000-0000-000000000005',
    null,
    '00000000-0000-0000-0002-000000000005',
    'タクシー2,200円 + 昼食1,600円。',
    '2026-04-24 20:30:00+09', '2026-04-24 20:30:00+09'
  ),
  -- 商談紐づきなし（単独経費）
  (
    '00000000-0000-0000-0005-000000000011',
    '営業部 月次ミーティング 会議室費',
    8000, 'その他', '2026-04-10',
    null, null, null,
    '貸し会議室（渋谷）3時間。10名参加。',
    '2026-04-10 18:00:00+09', '2026-04-10 18:00:00+09'
  ),
  (
    '00000000-0000-0000-0005-000000000012',
    '営業ツール月額費用（4月分）',
    12800, '通信費', '2026-04-01',
    null, null, null,
    'SFA・オンライン会議・名刺管理ツールの合計月額。',
    '2026-04-01 10:00:00+09', '2026-04-01 10:00:00+09'
  ),
  (
    '00000000-0000-0000-0005-000000000013',
    '業界動向セミナー受講費',
    15000, 'その他', '2026-04-18',
    null, null, null,
    'マーケティングDX関連オンラインセミナー参加費。',
    '2026-04-18 10:00:00+09', '2026-04-18 10:00:00+09'
  ),
  -- 5月分（翌月の経費）
  (
    '00000000-0000-0000-0005-000000000014',
    'グリーンエナジー デモ用クラウドサーバー費',
    22000, '外注費', '2026-05-05',
    '00000000-0000-0000-0000-000000000005',
    null,
    '00000000-0000-0000-0002-000000000005',
    'AWS EC2 1ヶ月分。デモ環境構築用。',
    '2026-04-25 10:00:00+09', '2026-04-25 10:00:00+09'
  )
on conflict (id) do nothing;
